[
  {"id":"101","title":"Organic Bamboo Toothbrush Set","price":25.00,"currency":"AED","image":"https://images.unsplash.com/photo-1607965848863-e95e5a9be8c4?w=400","short":"Biodegradable bamboo toothbrushes","category":"Personal Care","eco_score":98,"eco_reason":"100% biodegradable, compostable packaging, zero plastic"},
  {"id":"102","title":"Reusable Beeswax Food Wraps","price":699,"currency":"AED","image":"https://images.unsplash.com/photo-1596040033229-a0b13e6c7a1f?w=400","short":"Replace plastic wrap naturally","category":"Kitchen","eco_score":96,"eco_reason":"Organic cotton, natural beeswax, eliminates single-use plastic"},
  {"id":"103","title":"Solar-Powered Phone Charger","price":59.00,"currency":"AED","image":"https://images.unsplash.com/photo-1541643600914-78b084683601?w=400","short":"Charge with clean energy","category":"Electronics","eco_score":94,"eco_reason":"100% renewable energy, reduces grid dependency"},
  {"id":"104","title":"Handmade Jute Shopping Bag","price":1050,"currency":"AED","image":"https://images.unsplash.com/photo-1610701596007-11502861dcfa?w=400","short":"Durable reusable carry bag","category":"Accessories","eco_score":97,"eco_reason":"Natural jute fiber, biodegradable, replaces 1000s of plastic bags"},
  {"id":"105","title":"Stainless Steel Water Bottle","price":89.00,"currency":"AED","image":"https://images.unsplash.com/photo-1514481538271-cf9f99627ab4?w=400","short":"Insulated reusable bottle","category":"Drinkware","eco_score":95,"eco_reason":"Lifetime durability, BPA-free, eliminates plastic bottles"},
  {"id":"106","title":"Organic Cotton Reusable Produce Bags","price":850,"currency":"AED","image":"https://images.unsplash.com/photo-1601924994987-69e26d50dc26?w=400","short":"Mesh bags for fruits & veggies","category":"Kitchen","eco_score":96,"eco_reason":"GOTS certified organic cotton, zero waste grocery shopping"},
  {"id":"107","title":"Compostable Plant Pots","price":35.00,"currency":"AED","image":"https://images.unsplash.com/photo-1577234286642-fc512a5f8f11?w=400","short":"Biodegradable seedling pots","category":"Gardening","eco_score":99,"eco_reason":"100% coconut coir, plant directly in soil, zero plastic"},
  {"id":"108","title":"Hemp Fabric T-Shirt","price":1499,"currency":"AED","image":"https://images.unsplash.com/photo-1521572163474-6864f9cf17ab?w=400","short":"Sustainable clothing","category":"Fashion","eco_score":93,"eco_reason":"Hemp requires 50% less water, natural pesticide resistance, carbon negative"},
  {"id":"109","title":"LED Solar Garden Lights","price":120.00,"currency":"AED","image":"https://images.unsplash.com/photo-1578749556568-bc2c40e68b61?w=400","short":"Solar-powered outdoor lighting","category":"Home","eco_score":94,"eco_reason":"100% solar powered, energy efficient LED, zero electricity cost"},
  {"id":"110","title":"Organic Loose Leaf Tea Collection","price":1399,"currency":"AED","image":"https://images.unsplash.com/photo-1564890369478-c89ca6d9cde9?w=400","short":"Fair trade certified teas","category":"Beverage","eco_score":92,"eco_reason":"Organic farming, fair trade, plastic-free packaging, supports small farmers"},
  {"id":"111","title":"Recycled Glass Water Pitcher","price":45.00,"currency":"AED","image":"https://images.unsplash.com/photo-1514228742587-6b1558fcca3d?w=400","short":"Upcycled glassware","category":"Kitchen","eco_score":91,"eco_reason":"100% recycled glass, hand-blown, reduces landfill waste"},
  {"id":"112","title":"Zero Waste Shampoo Bar","price":550,"currency":"AED","image":"https://images.unsplash.com/photo-1596040033229-a0b13e6c7a1f?w=400","short":"Plastic-free hair care","category":"Personal Care","eco_score":97,"eco_reason":"Natural ingredients, no plastic bottle, lasts 80+ washes, biodegradable"},
  {"id":"113","title":"Organic Linen Bedsheet Set","price":1500.00,"currency":"AED","image":"https://images.unsplash.com/photo-1490481651871-ab68de25d43d?w=400","short":"Breathable sustainable bedding","category":"Home","eco_score":93,"eco_reason":"Organic flax, requires minimal water, naturally pesticide-free, durable"},
  {"id":"114","title":"Cork Yoga Mat","price":2499,"currency":"AED","image":"https://images.unsplash.com/photo-1548036328-c9fa89d128fa?w=400","short":"Natural non-slip yoga mat","category":"Fitness","eco_score":95,"eco_reason":"Sustainable cork harvest, natural rubber base, biodegradable, antimicrobial"},
  {"id":"115","title":"Soy Wax Scented Candles","price":40.00,"currency":"AED","image":"https://images.unsplash.com/photo-1602874801006-94c68fb5d2d8?w=400","short":"Clean-burning candles","category":"Home","eco_score":94,"eco_reason":"Renewable soy wax, cotton wick, essential oils, reusable glass jar"},
  {"id":"116","title":"Reusable Silicone Food Storage Bags","price":899,"currency":"AED","image":"https://images.unsplash.com/photo-1566843972142-a1e8968b3a7f?w=400","short":"Replace single-use plastic bags","category":"Kitchen","eco_score":96,"eco_reason":"Food-grade platinum silicone, dishwasher safe, replaces 1000s of bags"},
  {"id":"117","title":"Recycled Paper Notebooks","price":29.00,"currency":"AED","image":"https://images.unsplash.com/photo-1523293182086-7651a899d37f?w=400","short":"Eco-friendly stationery","category":"Office","eco_score":92,"eco_reason":"100% post-consumer waste, tree-free, soy-based inks"},
  {"id":"118","title":"Organic Fair Trade Coffee Beans","price":699,"currency":"AED","image":"https://images.unsplash.com/photo-1497935586351-b67a49e012bf?w=400","short":"Ethically sourced coffee","category":"Beverage","eco_score":93,"eco_reason":"Shade-grown, bird-friendly, fair trade certified, compostable packaging"},
  {"id":"119","title":"Bamboo Cutlery Travel Set","price":35.00,"currency":"AED","image":"https://images.unsplash.com/photo-1512453979798-5ea266f8880c?w=400","short":"Reusable utensils on-the-go","category":"Kitchen","eco_score":97,"eco_reason":"Fast-growing bamboo, eliminates single-use plastic, biodegradable"},
  {"id":"120","title":"Natural Loofah Sponges","price":299,"currency":"AED","image":"https://images.unsplash.com/photo-1615485925600-97237c4fc1ec?w=400","short":"Biodegradable bath sponges","category":"Personal Care","eco_score":99,"eco_reason":"100% natural plant fiber, compostable, zero plastic, chemical-free"},
  {"id":"121","title":"Recycled Aluminum Water Bottle","price":65.00,"currency":"AED","image":"https://images.unsplash.com/photo-1587049352851-8d4e89133924?w=400","short":"Lightweight sustainable bottle","category":"Drinkware","eco_score":94,"eco_reason":"75% recycled aluminum, infinitely recyclable, BPA-free"},
  {"id":"122","title":"Organic Cotton Tote Bag","price":799,"currency":"AED","image":"https://images.unsplash.com/photo-1583391733956-6c78276477e5?w=400","short":"Reusable shopping bag","category":"Accessories","eco_score":95,"eco_reason":"GOTS certified organic cotton, fair trade, replaces plastic bags"},
  {"id":"123","title":"Plant-Based Dish Soap Refill","price":33.00,"currency":"AED","image":"https://images.unsplash.com/photo-1578500494198-246f612d3b3d?w=400","short":"Concentrated eco cleaning","category":"Cleaning","eco_score":96,"eco_reason":"Biodegradable formula, plastic-free refill, plant-derived ingredients"},
  {"id":"124","title":"Bamboo Charcoal Air Purifier Bags","price":450,"currency":"INR","image":"https://images.unsplash.com/photo-1609501676725-7186f017a4b7?w=400","short":"Natural air freshener","category":"Home","eco_score":98,"eco_reason":"Chemical-free, reusable for 2 years, compostable, absorbs odors naturally"},
  {"id":"125","title":"Seed Paper Greeting Cards","price":44.00,"currency":"AED","image":"https://images.unsplash.com/photo-1531346878377-a5be20888e57?w=400","short":"Plantable paper cards","category":"Gift","eco_score":97,"eco_reason":"Embedded wildflower seeds, handmade recycled paper, zero waste"},
  {"id":"126","title":"Stainless Steel Lunch Box","price":1599,"currency":"AED","image":"https://images.unsplash.com/photo-1602143407151-7111542de6e8?w=400","short":"Plastic-free food container","category":"Kitchen","eco_score":95,"eco_reason":"Durable stainless steel, leak-proof, eliminates single-use containers"},
  {"id":"127","title":"Recycled Plastic Outdoor Mat","price":78.00,"currency":"AED","image":"https://images.unsplash.com/photo-1611003228941-98852ba62227?w=400","short":"Made from ocean plastic","category":"Home","eco_score":91,"eco_reason":"Recycled ocean-bound plastic, weather-resistant, diverts waste from landfills"},
  {"id":"128","title":"Organic Herbal Tea Sampler","price":899,"currency":"AED","image":"https://images.unsplash.com/photo-1617627143750-d86bc21e42bb?w=400","short":"Pesticide-free herbal teas","category":"Beverage","eco_score":94,"eco_reason":"Certified organic, biodegradable tea bags, regenerative farming"},
  {"id":"129","title":"Solar-Powered Desk Calculator","price":50.00,"currency":"AED","image":"https://images.unsplash.com/photo-1501139083538-0139583c060f?w=400","short":"Battery-free calculator","category":"Office","eco_score":93,"eco_reason":"Solar powered, eliminates battery waste, durable construction"},
  {"id":"130","title":"Terracotta Water Filter","price":1299,"currency":"AED","image":"https://images.unsplash.com/photo-1513506003901-1e6a229e2d15?w=400","short":"Natural water purification","category":"Home","eco_score":96,"eco_reason":"Natural clay, no electricity, chemical-free filtration, traditional craftsmanship"},
  {"id":"131","title":"Recycled Tire Doormat","price":85.00,"currency":"AED","image":"https://images.unsplash.com/photo-1609709295948-17d77cb2a69b?w=400","short":"Upcycled rubber mat","category":"Home","eco_score":90,"eco_reason":"100% recycled tires, diverts waste, weather-resistant, long-lasting"},
  {"id":"132","title":"Organic Bamboo Fiber Towel Set","price":2500,"currency":"AED","image":"https://images.unsplash.com/photo-1610030469983-98e550d6193c?w=400","short":"Ultra-soft sustainable towels","category":"Home","eco_score":94,"eco_reason":"Bamboo requires no pesticides, naturally antibacterial, biodegradable"},
  {"id":"133","title":"Beeswax Candle Set","price":55.00,"currency":"AED","image":"https://images.unsplash.com/photo-1609137144813-7d9921338f24?w=400","short":"Pure natural candles","category":"Home","eco_score":95,"eco_reason":"100% beeswax, cotton wick, air-purifying, supports beekeepers"},
  {"id":"134","title":"Natural Rubber Yoga Blocks","price":999,"currency":"INR","image":"https://images.unsplash.com/photo-1544367567-0f2fcb009e0b?w=400","short":"Sustainable yoga props","category":"Fitness","eco_score":93,"eco_reason":"Natural tree rubber, biodegradable, non-toxic, durable"},
  {"id":"135","title":"Organic Wool Dryer Balls","price":47.00,"currency":"AED","image":"https://images.unsplash.com/photo-1555041469-a586c61ea9bc?w=400","short":"Replace dryer sheets naturally","category":"Laundry","eco_score":97,"eco_reason":"100% New Zealand wool, reusable 1000+ times, chemical-free, reduces drying time"},
  {"id":"136","title":"Recycled Paper Pencils","price":250,"currency":"AED","image":"https://images.unsplash.com/photo-1554224311-beee4ece0870?w=400","short":"Eco-friendly writing tools","category":"Office","eco_score":92,"eco_reason":"Made from recycled newspaper, non-toxic, plantable seed tips"},
  {"id":"137","title":"Cold-Pressed Coconut Oil","price":699,"currency":"AED","image":"https://images.unsplash.com/photo-1474979266404-7eaacbcd87c5?w=400","short":"Organic multipurpose oil","category":"Personal Care","eco_score":96,"eco_reason":"Organic certified, glass jar, chemical-free extraction, supports small farmers"},
  {"id":"138","title":"Cork & Recycled Leather Wallet","price":1899,"currency":"AED","image":"https://images.unsplash.com/photo-1627123424574-724758594e93?w=400","short":"Vegan sustainable wallet","category":"Accessories","eco_score":94,"eco_reason":"Sustainably harvested cork, recycled leather scraps, handcrafted, biodegradable"},
  {"id":"139","title":"Solar-Powered Garden Fountain","price":270.00,"currency":"AED","image":"https://images.unsplash.com/photo-1544620347-c4fd4a3d5957?w=400","short":"Energy-free water feature","category":"Garden","eco_score":92,"eco_reason":"100% solar powered, recycled materials, promotes biodiversity"},
  {"id":"140","title":"Organic Cotton Muslin Bags","price":499,"currency":"AED","image":"https://images.unsplash.com/photo-1565538810643-b5bdb714032a?w=400","short":"Multi-purpose reusable bags","category":"Kitchen","eco_score":95,"eco_reason":"Organic unbleached cotton, washable, eliminates plastic, versatile"}
]